"","GHM"
"1","01C01S"
"2","01C03V"
"3","01C03W"
"4","01C04V"
"5","01C04W"
"6","01C05V"
"7","01C05W"
"8","01C06V"
"9","01C06W"
"10","01C08V"
"11","01C08W"
"12","01C09Z"
"13","01C10Z"
"14","01C11Z"
"15","01C12Z"
"16","01K02Z"
"17","01K03Z"
"18","01C13Z"
"19","01M01S"
"20","01M02Z"
"21","01M03V"
"22","01M03W"
"23","01M04Z"
"24","01M05V"
"25","01M05W"
"26","01M06V"
"27","01M06W"
"28","01M07Z"
"29","01M08V"
"30","01M08W"
"31","01M09Z"
"32","01M10V"
"33","01M10W"
"34","01M11V"
"35","01M11W"
"36","01M12V"
"37","01M12W"
"38","01M13Z"
"39","01M14V"
"40","01M14W"
"41","01M15Z"
"42","01M16Z"
"43","01M17V"
"44","01M17W"
"45","01M18V"
"46","01M18W"
"47","01M19V"
"48","01M19W"
"49","01M20V"
"50","01M20W"
"51","01M21Z"
"52","02C02V"
"53","02C02W"
"54","02C03Z"
"55","02C04Z"
"56","02C05Z"
"57","02C06Z"
"58","02C07Z"
"59","02C08V"
"60","02C08W"
"61","02C09Z"
"62","02M02Z"
"63","02M03Z"
"64","02M04Z"
"65","02M05Z"
"66","02M06V"
"67","02M06W"
"68","03C02V"
"69","03C02W"
"70","03C03Z"
"71","03C04Z"
"72","03C05Z"
"73","03C06Z"
"74","03C07V"
"75","03C07W"
"76","03C09Z"
"77","03C10Z"
"78","03C11Z"
"79","03C12Z"
"80","03C13Z"
"81","03C14Z"
"82","03C15Z"
"83","03C16V"
"84","03C16W"
"85","03C17Z"
"86","03C18Z"
"87","03C19Z"
"88","03C20Z"
"89","03C21Z"
"90","03K02Z"
"91","03M02Z"
"92","03M03Z"
"93","03M04V"
"94","03M04W"
"95","03M05Z"
"96","03M06Z"
"97","03M07V"
"98","03M07W"
"99","03M08Z"
"100","03M09V"
"101","03M09W"
"102","03M10Z"
"103","03M11V"
"104","03M11W"
"105","04C01S"
"106","04C02V"
"107","04C02W"
"108","04C03V"
"109","04C03W"
"110","04M02V"
"111","04M02W"
"112","04M03V"
"113","04M03W"
"114","04M04Z"
"115","04M05V"
"116","04M05W"
"117","04M06Z"
"118","04M07V"
"119","04M07W"
"120","04M08V"
"121","04M08W"
"122","04M09V"
"123","04M09W"
"124","04M10V"
"125","04M10W"
"126","04M11V"
"127","04M11W"
"128","04M12V"
"129","04M12W"
"130","04M13Z"
"131","04M14V"
"132","04M14W"
"133","04M15V"
"134","04M15W"
"135","04M16V"
"136","04M16W"
"137","04M17V"
"138","04M17W"
"139","05C02Z"
"140","05C03V"
"141","05C03W"
"142","05C04V"
"143","05C04W"
"144","05C05V"
"145","05C05W"
"146","05C06V"
"147","05C06W"
"148","05C07Z"
"149","05C08V"
"150","05C08W"
"151","05C09Z"
"152","05C10V"
"153","05C10W"
"154","05C11V"
"155","05C11W"
"156","05C12V"
"157","05C12W"
"158","05C13V"
"159","05C13W"
"160","05C14Z"
"161","05C15Z"
"162","05C17V"
"163","05C17W"
"164","05C18Z"
"165","05C19Z"
"166","05C20Z"
"167","05M02E"
"168","05M03Z"
"169","05M04V"
"170","05M04W"
"171","05M05V"
"172","05M05W"
"173","05M06V"
"174","05M06W"
"175","05M07V"
"176","05M07W"
"177","05M08V"
"178","05M08W"
"179","05M09V"
"180","05M09W"
"181","05M10Z"
"182","05M11V"
"183","05M11W"
"184","05M12V"
"185","05M12W"
"186","05M13Z"
"187","05M14Z"
"188","05M15Z"
"189","05M16V"
"190","05M16W"
"191","05M17V"
"192","05M17W"
"193","05M18Z"
"194","05K05V"
"195","05K05W"
"196","05K06V"
"197","05K06W"
"198","05K07Z"
"199","05K08Z"
"200","05K09Z"
"201","05K10Z"
"202","05K11Z"
"203","06C02Z"
"204","06C03V"
"205","06C03W"
"206","06C04V"
"207","06C04W"
"208","06C05Z"
"209","06C07V"
"210","06C07W"
"211","06C08V"
"212","06C08W"
"213","06C09V"
"214","06C09W"
"215","06C10Z"
"216","06C11V"
"217","06C11W"
"218","06C12V"
"219","06C12W"
"220","06C13V"
"221","06C13W"
"222","06C14V"
"223","06C14W"
"224","06C15V"
"225","06C15W"
"226","06C16V"
"227","06C16W"
"228","06C17V"
"229","06C17W"
"230","06M01S"
"231","06M02V"
"232","06M02W"
"233","06M03V"
"234","06M03W"
"235","06M04V"
"236","06M04W"
"237","06M05V"
"238","06M05W"
"239","06M06V"
"240","06M06W"
"241","06M07V"
"242","06M07W"
"243","06M08Z"
"244","06M09V"
"245","06M09W"
"246","06M10Z"
"247","06M11V"
"248","06M11W"
"249","07C04V"
"250","07C04W"
"251","07C06Z"
"252","07C07Z"
"253","07C08Z"
"254","07C09V"
"255","07C09W"
"256","07C10V"
"257","07C10W"
"258","07C11V"
"259","07C11W"
"260","07C12V"
"261","07C12W"
"262","07M01S"
"263","07M02V"
"264","07M02W"
"265","07M03V"
"266","07M03W"
"267","07M04V"
"268","07M04W"
"269","07M05V"
"270","07M05W"
"271","07M06V"
"272","07M06W"
"273","08C01S"
"274","08C02Z"
"275","08C04Z"
"276","08C05V"
"277","08C05W"
"278","08C06Z"
"279","08C08Z"
"280","08C09V"
"281","08C09W"
"282","08C10V"
"283","08C10W"
"284","08C11V"
"285","08C11W"
"286","08C12Z"
"287","08C13Z"
"288","08C14Z"
"289","08C15V"
"290","08C15W"
"291","08C17Z"
"292","08C18V"
"293","08C18W"
"294","08C19Z"
"295","08C20Z"
"296","08C21V"
"297","08C21W"
"298","08C22Z"
"299","08C23V"
"300","08C23W"
"301","08C24Z"
"302","08C25Z"
"303","08C26Z"
"304","08C27V"
"305","08C27W"
"306","08C28Z"
"307","08C29Z"
"308","08C30V"
"309","08C30W"
"310","08M01S"
"311","08M02Z"
"312","08M03V"
"313","08M03W"
"314","08M04V"
"315","08M04W"
"316","08M05Z"
"317","08M06Z"
"318","08M07V"
"319","08M07W"
"320","08M08Z"
"321","08M09Z"
"322","08M10V"
"323","08M10W"
"324","08M11V"
"325","08M11W"
"326","08M12V"
"327","08M12W"
"328","08M13Z"
"329","08M14V"
"330","08M14W"
"331","08M15V"
"332","08M15W"
"333","08M16Z"
"334","08M17Z"
"335","08M18Z"
"336","08M19V"
"337","08M19W"
"338","09C02V"
"339","09C02W"
"340","09C03V"
"341","09C03W"
"342","09C04V"
"343","09C04W"
"344","09C05V"
"345","09C05W"
"346","09C06Z"
"347","09C07Z"
"348","09C08Z"
"349","09C09Z"
"350","09C10V"
"351","09C10W"
"352","09M02Z"
"353","09M03V"
"354","09M03W"
"355","09M04Z"
"356","09M05V"
"357","09M05W"
"358","09M06Z"
"359","09M07V"
"360","09M07W"
"361","09M08V"
"362","09M08W"
"363","09M09Z"
"364","09M10V"
"365","09M10W"
"366","10C01S"
"367","10C02Z"
"368","10C03Z"
"369","10C05Z"
"370","10C07Z"
"371","10C08Z"
"372","10C09Z"
"373","10C11V"
"374","10C11W"
"375","10C12V"
"376","10C12W"
"377","10C10Z"
"378","10M01S"
"379","10M02V"
"380","10M02W"
"381","10M03Z"
"382","10M04V"
"383","10M04W"
"384","10M05V"
"385","10M05W"
"386","10M06Z"
"387","10M07V"
"388","10M07W"
"389","11C01S"
"390","11C02V"
"391","11C02W"
"392","11C03V"
"393","11C03W"
"394","11C04Z"
"395","11C05V"
"396","11C05W"
"397","11C06Z"
"398","11C07Z"
"399","11C08V"
"400","11C08W"
"401","11M01S"
"402","11M02V"
"403","11M02W"
"404","11M03V"
"405","11M03W"
"406","11M04V"
"407","11M04W"
"408","11M06V"
"409","11M06W"
"410","11M07V"
"411","11M07W"
"412","11M08Z"
"413","11M09V"
"414","11M09W"
"415","11M10V"
"416","11M10W"
"417","11M11Z"
"418","11M12V"
"419","11M12W"
"420","11K02V"
"421","11K02W"
"422","12C01S"
"423","12C03Z"
"424","12C04V"
"425","12C04W"
"426","12C05Z"
"427","12C06Z"
"428","12C07Z"
"429","12C08Z"
"430","12C09Z"
"431","12C10Z"
"432","12C11Z"
"433","12C12Z"
"434","12M02V"
"435","12M02W"
"436","12M03V"
"437","12M03W"
"438","12M04V"
"439","12M04W"
"440","12M05Z"
"441","13C01S"
"442","13C02V"
"443","13C02W"
"444","13C03V"
"445","13C03W"
"446","13C04V"
"447","13C04W"
"448","13C05Z"
"449","13C06Z"
"450","13C07V"
"451","13C07W"
"452","13C08V"
"453","13C08W"
"454","13C09Z"
"455","13C10Z"
"456","13C11Z"
"457","13C12Z"
"458","13C13Z"
"459","13M02Z"
"460","13M03V"
"461","13M03W"
"462","13M04V"
"463","13M04W"
"464","14C02A"
"465","14C02B"
"466","14C02C"
"467","14C03Z"
"468","14C04Z"
"469","14C05Z"
"470","14M02Z"
"471","14Z02A"
"472","14Z02B"
"473","14Z02C"
"474","14Z03A"
"475","14Z03B"
"476","14Z04Z"
"477","14Z05Z"
"478","14Z06Z"
"479","14Z07Z"
"480","15Z02Z"
"481","15Z03Z"
"482","15Z04E"
"483","15Z05A"
"484","15Z05B"
"485","15Z05C"
"486","15Z05D"
"487","15Z06A"
"488","15Z06B"
"489","15Z06C"
"490","15Z06D"
"491","15Z07A"
"492","15Z07B"
"493","15Z07C"
"494","15Z08A"
"495","15Z08E"
"496","15Z09A"
"497","15Z09E"
"498","16C01S"
"499","16C02Z"
"500","16C03V"
"501","16C03W"
"502","16M01S"
"503","16M02V"
"504","16M02W"
"505","16M03V"
"506","16M03W"
"507","16M04V"
"508","16M04W"
"509","16M05V"
"510","16M05W"
"511","17C01S"
"512","17C02V"
"513","17C02W"
"514","17C03V"
"515","17C03W"
"516","17C04V"
"517","17C04W"
"518","17C05V"
"519","17C05W"
"520","17K02Z"
"521","17K04Z"
"522","17M01S"
"523","17M04Z"
"524","17M05Z"
"525","17M06V"
"526","17M06W"
"527","17M07V"
"528","17M07W"
"529","17K05Z"
"530","17K06Z"
"531","17M08Z"
"532","17M09V"
"533","17M09W"
"534","17M10V"
"535","17M10W"
"536","18C02V"
"537","18C02W"
"538","18M02V"
"539","18M02W"
"540","18M03Z"
"541","18M04V"
"542","18M04W"
"543","18M05V"
"544","18M05W"
"545","18M06Z"
"546","18M07V"
"547","18M07W"
"548","18M08V"
"549","18M08W"
"550","18Z01S"
"551","19C02Z"
"552","19M02V"
"553","19M02W"
"554","19M03Z"
"555","19M04Z"
"556","19M05Z"
"557","19M06V"
"558","19M06W"
"559","19M07V"
"560","19M07W"
"561","19M08Z"
"562","19M09Z"
"563","19M10Z"
"564","19M11V"
"565","19M11W"
"566","20Z02Z"
"567","20Z03Z"
"568","20Z04Z"
"569","20Z05Z"
"570","20Z06V"
"571","20Z06W"
"572","21C01S"
"573","21C02Z"
"574","21C03Z"
"575","21C04Z"
"576","21C05V"
"577","21C05W"
"578","21M01S"
"579","21M02Z"
"580","21M03V"
"581","21M03W"
"582","21M04Z"
"583","21M05Z"
"584","21M06Z"
"585","21M07V"
"586","21M07W"
"587","21M08V"
"588","21M08W"
"589","21M09V"
"590","21M09W"
"591","22C02Z"
"592","22C03Z"
"593","22M02Z"
"594","23C02Z"
"595","23M02Z"
"596","23M03V"
"597","23M03W"
"598","23M04Z"
"599","23M05Z"
"600","23M06Z"
"601","23Z02Z"
"602","24C02Z"
"603","24C03Z"
"604","24C04Z"
"605","24C05Z"
"606","24C06Z"
"607","24C07Z"
"608","24C08Z"
"609","24C09Z"
"610","24C10Z"
"611","24C11Z"
"612","24C12Z"
"613","24C13Z"
"614","24C14Z"
"615","24C15Z"
"616","24C17Z"
"617","24C18Z"
"618","24C20Z"
"619","24C21Z"
"620","24C22Z"
"621","24C23Z"
"622","24C24Z"
"623","24C25Z"
"624","24C27Z"
"625","24C28Z"
"626","24C29Z"
"627","24C30Z"
"628","24C31Z"
"629","24C32Z"
"630","24C33Z"
"631","24C34Z"
"632","24C35Z"
"633","24C37Z"
"634","24C38Z"
"635","24C39Z"
"636","24C40Z"
"637","24C41Z"
"638","24C42Z"
"639","24C43Z"
"640","24C44Z"
"641","24C45Z"
"642","24C46Z"
"643","24C47Z"
"644","24C48Z"
"645","24C49Z"
"646","24C50Z"
"647","24C51Z"
"648","24C52Z"
"649","24C53Z"
"650","24C54Z"
"651","24C55Z"
"652","24K04Z"
"653","24K05Z"
"654","24K08Z"
"655","24K09Z"
"656","24K10Z"
"657","24K11Z"
"658","24K12Z"
"659","24M01Z"
"660","24M02Z"
"661","24M03Z"
"662","24M04Z"
"663","24M05Z"
"664","24M06Z"
"665","24M07Z"
"666","24M08Z"
"667","24M09Z"
"668","24M10Z"
"669","24M11Z"
"670","24M12Z"
"671","24M13Z"
"672","24M14Z"
"673","24M15Z"
"674","24M16Z"
"675","24M17Z"
"676","24M18Z"
"677","24M19Z"
"678","24M20Z"
"679","24M21Z"
"680","24M22Z"
"681","24M23Z"
"682","24M24Z"
"683","24M25Z"
"684","24M26Z"
"685","24M27Z"
"686","24M28Z"
"687","24M29Z"
"688","24M30Z"
"689","24M31Z"
"690","24M32Z"
"691","24M33Z"
"692","24M34Z"
"693","24M35Z"
"694","24M36Z"
"695","24Z09E"
"696","24Z10E"
"697","24Z11E"
"698","24Z17Z"
"699","24Z18Z"
"700","24K14Z"
"701","24K15Z"
"702","24K16Z"
"703","24K17Z"
"704","24K18Z"
"705","24K19Z"
"706","24K20Z"
"707","24K21Z"
"708","24K22Z"
"709","24K23Z"
"710","24K24Z"
"711","24K25Z"
"712","24K26Z"
"713","24K27Z"
"714","24K28Z"
"715","24K29Z"
"716","24K30Z"
"717","24K31Z"
"718","24K32Z"
"719","24K33Z"
"720","24K34Z"
"721","24K35Z"
"722","24K36Z"
"723","24K37Z"
"724","24K38Z"
"725","24K39Z"
"726","24M37Z"
"727","24M38Z"
"728","24M39Z"
"729","24M40Z"
"730","24Z20Z"
"731","24Z21Z"
"732","24Z22Z"
"733","24Z23Z"
"734","24Z24Z"
"735","24Z25Z"
"736","25C02Z"
"737","25M02A"
"738","25M02B"
"739","25M02C"
"740","25Z02E"
"741","26C01S"
"742","26C02Z"
"743","26M01S"
"744","26M02Z"
"745","28Z07Z"
"746","28Z14Z"
"747","28Z15Z"
"748","90H02Z"
"749","90H03Z"
"750","10C13Z"
"751","13C14V"
"752","13C14W"
"753","13C15V"
"754","13C15W"
"755","01M22Z"
"756","01M23Z"
"757","01M24V"
"758","01M24W"
"759","01M25V"
"760","01M25W"
"761","05K12Z"
"762","05K13Z"
"763","24M41Z"
"764","24M42Z"
"765","24M43Z"
"766","28Z16Z"
"767","01C031"
"768","01C032"
"769","01C033"
"770","01C034"
"771","01C041"
"772","01C042"
"773","01C043"
"774","01C044"
"775","01C051"
"776","01C052"
"777","01C053"
"778","01C054"
"779","01C061"
"780","01C062"
"781","01C063"
"782","01C064"
"783","01C081"
"784","01C082"
"785","01C083"
"786","01C084"
"787","01C08J"
"788","01C091"
"789","01C092"
"790","01C093"
"791","01C094"
"792","01C101"
"793","01C102"
"794","01C103"
"795","01C104"
"796","01C111"
"797","01C112"
"798","01C113"
"799","01C114"
"800","01C121"
"801","01C122"
"802","01C123"
"803","01C124"
"804","01C131"
"805","01C132"
"806","01C133"
"807","01C134"
"808","01C13J"
"809","01K021"
"810","01K022"
"811","01K023"
"812","01K024"
"813","01K031"
"814","01K032"
"815","01K033"
"816","01K034"
"817","01K04J"
"818","01K05J"
"819","01K06J"
"820","01K071"
"821","01K072"
"822","01K073"
"823","01K074"
"824","01M041"
"825","01M042"
"826","01M043"
"827","01M044"
"828","01M051"
"829","01M052"
"830","01M053"
"831","01M054"
"832","01M05T"
"833","01M071"
"834","01M072"
"835","01M073"
"836","01M074"
"837","01M07T"
"838","01M081"
"839","01M082"
"840","01M083"
"841","01M084"
"842","01M08T"
"843","01M091"
"844","01M092"
"845","01M093"
"846","01M094"
"847","01M09T"
"848","01M101"
"849","01M102"
"850","01M103"
"851","01M104"
"852","01M10T"
"853","01M111"
"854","01M112"
"855","01M113"
"856","01M114"
"857","01M11T"
"858","01M121"
"859","01M122"
"860","01M123"
"861","01M124"
"862","01M12T"
"863","01M131"
"864","01M132"
"865","01M133"
"866","01M134"
"867","01M151"
"868","01M152"
"869","01M153"
"870","01M154"
"871","01M161"
"872","01M162"
"873","01M163"
"874","01M164"
"875","01M171"
"876","01M172"
"877","01M173"
"878","01M174"
"879","01M17T"
"880","01M181"
"881","01M182"
"882","01M183"
"883","01M184"
"884","01M191"
"885","01M192"
"886","01M193"
"887","01M194"
"888","01M201"
"889","01M202"
"890","01M203"
"891","01M204"
"892","01M211"
"893","01M212"
"894","01M213"
"895","01M214"
"896","01M221"
"897","01M222"
"898","01M223"
"899","01M224"
"900","01M22T"
"901","01M231"
"902","01M232"
"903","01M233"
"904","01M234"
"905","01M241"
"906","01M242"
"907","01M243"
"908","01M244"
"909","01M24T"
"910","01M251"
"911","01M252"
"912","01M253"
"913","01M254"
"914","01M25T"
"915","01M261"
"916","01M262"
"917","01M263"
"918","01M264"
"919","01M26T"
"920","01M271"
"921","01M272"
"922","01M273"
"923","01M274"
"924","01M27T"
"925","01M281"
"926","01M282"
"927","01M283"
"928","01M284"
"929","01M28T"
"930","01M291"
"931","01M292"
"932","01M293"
"933","01M294"
"934","01M301"
"935","01M302"
"936","01M303"
"937","01M304"
"938","01M30T"
"939","01M311"
"940","01M312"
"941","01M313"
"942","01M314"
"943","01M31T"
"944","01M32Z"
"945","01M331"
"946","01M332"
"947","01M333"
"948","01M334"
"949","01M34Z"
"950","01M35Z"
"951","01M36E"
"952","01M37E"
"953","02C021"
"954","02C022"
"955","02C023"
"956","02C024"
"957","02C02J"
"958","02C031"
"959","02C032"
"960","02C033"
"961","02C034"
"962","02C03J"
"963","02C051"
"964","02C052"
"965","02C053"
"966","02C054"
"967","02C05J"
"968","02C061"
"969","02C062"
"970","02C063"
"971","02C064"
"972","02C06J"
"973","02C071"
"974","02C072"
"975","02C073"
"976","02C074"
"977","02C07J"
"978","02C081"
"979","02C082"
"980","02C083"
"981","02C084"
"982","02C08J"
"983","02C091"
"984","02C092"
"985","02C093"
"986","02C094"
"987","02C09J"
"988","02C101"
"989","02C102"
"990","02C103"
"991","02C104"
"992","02C10J"
"993","02C111"
"994","02C112"
"995","02C113"
"996","02C114"
"997","02C11J"
"998","02M021"
"999","02M022"
"1000","02M023"
"1001","02M024"
"1002","02M031"
"1003","02M032"
"1004","02M033"
"1005","02M034"
"1006","02M041"
"1007","02M042"
"1008","02M043"
"1009","02M044"
"1010","02M04T"
"1011","02M051"
"1012","02M052"
"1013","02M053"
"1014","02M054"
"1015","02M05T"
"1016","02M071"
"1017","02M072"
"1018","02M073"
"1019","02M074"
"1020","02M07T"
"1021","02M081"
"1022","02M082"
"1023","02M083"
"1024","02M084"
"1025","02M08T"
"1026","02M09Z"
"1027","02M10Z"
"1028","03C051"
"1029","03C052"
"1030","03C053"
"1031","03C054"
"1032","03C061"
"1033","03C062"
"1034","03C063"
"1035","03C064"
"1036","03C06J"
"1037","03C071"
"1038","03C072"
"1039","03C073"
"1040","03C074"
"1041","03C07J"
"1042","03C091"
"1043","03C092"
"1044","03C093"
"1045","03C094"
"1046","03C09J"
"1047","03C101"
"1048","03C102"
"1049","03C103"
"1050","03C104"
"1051","03C111"
"1052","03C112"
"1053","03C113"
"1054","03C114"
"1055","03C121"
"1056","03C122"
"1057","03C123"
"1058","03C124"
"1059","03C131"
"1060","03C132"
"1061","03C133"
"1062","03C134"
"1063","03C141"
"1064","03C142"
"1065","03C143"
"1066","03C144"
"1067","03C14J"
"1068","03C151"
"1069","03C152"
"1070","03C153"
"1071","03C154"
"1072","03C15J"
"1073","03C161"
"1074","03C162"
"1075","03C163"
"1076","03C164"
"1077","03C16J"
"1078","03C171"
"1079","03C172"
"1080","03C173"
"1081","03C174"
"1082","03C17J"
"1083","03C181"
"1084","03C182"
"1085","03C183"
"1086","03C184"
"1087","03C191"
"1088","03C192"
"1089","03C193"
"1090","03C194"
"1091","03C201"
"1092","03C202"
"1093","03C203"
"1094","03C204"
"1095","03C20J"
"1096","03C211"
"1097","03C212"
"1098","03C213"
"1099","03C214"
"1100","03C21J"
"1101","03C22J"
"1102","03C241"
"1103","03C242"
"1104","03C243"
"1105","03C244"
"1106","03C24J"
"1107","03C251"
"1108","03C252"
"1109","03C253"
"1110","03C254"
"1111","03C261"
"1112","03C262"
"1113","03C263"
"1114","03C264"
"1115","03K021"
"1116","03K022"
"1117","03K023"
"1118","03K024"
"1119","03K02J"
"1120","03K03J"
"1121","03K04J"
"1122","03M021"
"1123","03M022"
"1124","03M023"
"1125","03M024"
"1126","03M031"
"1127","03M032"
"1128","03M033"
"1129","03M034"
"1130","03M041"
"1131","03M042"
"1132","03M043"
"1133","03M044"
"1134","03M051"
"1135","03M052"
"1136","03M053"
"1137","03M054"
"1138","03M061"
"1139","03M062"
"1140","03M063"
"1141","03M064"
"1142","03M071"
"1143","03M072"
"1144","03M073"
"1145","03M074"
"1146","03M07T"
"1147","03M081"
"1148","03M082"
"1149","03M083"
"1150","03M084"
"1151","03M091"
"1152","03M092"
"1153","03M093"
"1154","03M094"
"1155","03M09T"
"1156","03M101"
"1157","03M102"
"1158","03M103"
"1159","03M104"
"1160","03M111"
"1161","03M112"
"1162","03M113"
"1163","03M114"
"1164","03M121"
"1165","03M122"
"1166","03M123"
"1167","03M124"
"1168","03M131"
"1169","03M132"
"1170","03M133"
"1171","03M134"
"1172","03M14Z"
"1173","03M15Z"
"1174","04C021"
"1175","04C022"
"1176","04C023"
"1177","04C024"
"1178","04C031"
"1179","04C032"
"1180","04C033"
"1181","04C034"
"1182","04C041"
"1183","04C042"
"1184","04C043"
"1185","04C044"
"1186","04K02J"
"1187","04M021"
"1188","04M022"
"1189","04M023"
"1190","04M024"
"1191","04M031"
"1192","04M032"
"1193","04M033"
"1194","04M034"
"1195","04M041"
"1196","04M042"
"1197","04M043"
"1198","04M044"
"1199","04M051"
"1200","04M052"
"1201","04M053"
"1202","04M054"
"1203","04M061"
"1204","04M062"
"1205","04M063"
"1206","04M064"
"1207","04M06T"
"1208","04M071"
"1209","04M072"
"1210","04M073"
"1211","04M074"
"1212","04M07T"
"1213","04M081"
"1214","04M082"
"1215","04M083"
"1216","04M084"
"1217","04M08T"
"1218","04M091"
"1219","04M092"
"1220","04M093"
"1221","04M094"
"1222","04M09T"
"1223","04M101"
"1224","04M102"
"1225","04M103"
"1226","04M104"
"1227","04M10T"
"1228","04M111"
"1229","04M112"
"1230","04M113"
"1231","04M114"
"1232","04M121"
"1233","04M122"
"1234","04M123"
"1235","04M124"
"1236","04M12T"
"1237","04M131"
"1238","04M132"
"1239","04M133"
"1240","04M134"
"1241","04M13T"
"1242","04M141"
"1243","04M142"
"1244","04M143"
"1245","04M144"
"1246","04M14T"
"1247","04M151"
"1248","04M152"
"1249","04M153"
"1250","04M154"
"1251","04M15T"
"1252","04M161"
"1253","04M162"
"1254","04M163"
"1255","04M164"
"1256","04M16T"
"1257","04M171"
"1258","04M172"
"1259","04M173"
"1260","04M174"
"1261","04M17T"
"1262","04M181"
"1263","04M182"
"1264","04M183"
"1265","04M184"
"1266","04M191"
"1267","04M192"
"1268","04M193"
"1269","04M194"
"1270","04M19T"
"1271","04M201"
"1272","04M202"
"1273","04M203"
"1274","04M204"
"1275","04M20T"
"1276","04M211"
"1277","04M212"
"1278","04M213"
"1279","04M214"
"1280","04M22Z"
"1281","04M23T"
"1282","04M23Z"
"1283","04M24E"
"1284","04M251"
"1285","04M252"
"1286","04M253"
"1287","04M254"
"1288","04M25T"
"1289","04M261"
"1290","04M262"
"1291","04M263"
"1292","04M264"
"1293","04M26T"
"1294","05C021"
"1295","05C022"
"1296","05C023"
"1297","05C024"
"1298","05C031"
"1299","05C032"
"1300","05C033"
"1301","05C034"
"1302","05C041"
"1303","05C042"
"1304","05C043"
"1305","05C044"
"1306","05C051"
"1307","05C052"
"1308","05C053"
"1309","05C054"
"1310","05C061"
"1311","05C062"
"1312","05C063"
"1313","05C064"
"1314","05C071"
"1315","05C072"
"1316","05C073"
"1317","05C074"
"1318","05C081"
"1319","05C082"
"1320","05C083"
"1321","05C084"
"1322","05C091"
"1323","05C092"
"1324","05C093"
"1325","05C094"
"1326","05C101"
"1327","05C102"
"1328","05C103"
"1329","05C104"
"1330","05C111"
"1331","05C112"
"1332","05C113"
"1333","05C114"
"1334","05C11J"
"1335","05C121"
"1336","05C122"
"1337","05C123"
"1338","05C124"
"1339","05C131"
"1340","05C132"
"1341","05C133"
"1342","05C134"
"1343","05C141"
"1344","05C142"
"1345","05C143"
"1346","05C144"
"1347","05C14J"
"1348","05C151"
"1349","05C152"
"1350","05C153"
"1351","05C154"
"1352","05C15T"
"1353","05C171"
"1354","05C172"
"1355","05C173"
"1356","05C174"
"1357","05C17J"
"1358","05C181"
"1359","05C182"
"1360","05C183"
"1361","05C184"
"1362","05C18J"
"1363","05C191"
"1364","05C192"
"1365","05C193"
"1366","05C194"
"1367","05C19T"
"1368","05C201"
"1369","05C202"
"1370","05C203"
"1371","05C204"
"1372","05C211"
"1373","05C212"
"1374","05C213"
"1375","05C214"
"1376","05C21J"
"1377","05C221"
"1378","05C222"
"1379","05C223"
"1380","05C224"
"1381","05C22T"
"1382","05K051"
"1383","05K052"
"1384","05K053"
"1385","05K054"
"1386","05K061"
"1387","05K062"
"1388","05K063"
"1389","05K064"
"1390","05K06T"
"1391","05K101"
"1392","05K102"
"1393","05K103"
"1394","05K104"
"1395","05K10J"
"1396","05K111"
"1397","05K112"
"1398","05K113"
"1399","05K114"
"1400","05K11T"
"1401","05K121"
"1402","05K122"
"1403","05K123"
"1404","05K124"
"1405","05K131"
"1406","05K132"
"1407","05K133"
"1408","05K134"
"1409","05K13J"
"1410","05K14Z"
"1411","05K151"
"1412","05K152"
"1413","05K153"
"1414","05K154"
"1415","05K15J"
"1416","05K17J"
"1417","05K18J"
"1418","05M041"
"1419","05M042"
"1420","05M043"
"1421","05M044"
"1422","05M04T"
"1423","05M051"
"1424","05M052"
"1425","05M053"
"1426","05M054"
"1427","05M061"
"1428","05M062"
"1429","05M063"
"1430","05M064"
"1431","05M06T"
"1432","05M071"
"1433","05M072"
"1434","05M073"
"1435","05M074"
"1436","05M07T"
"1437","05M081"
"1438","05M082"
"1439","05M083"
"1440","05M084"
"1441","05M08T"
"1442","05M091"
"1443","05M092"
"1444","05M093"
"1445","05M094"
"1446","05M09T"
"1447","05M101"
"1448","05M102"
"1449","05M103"
"1450","05M104"
"1451","05M111"
"1452","05M112"
"1453","05M113"
"1454","05M114"
"1455","05M11T"
"1456","05M121"
"1457","05M122"
"1458","05M123"
"1459","05M124"
"1460","05M12T"
"1461","05M131"
"1462","05M132"
"1463","05M133"
"1464","05M134"
"1465","05M141"
"1466","05M142"
"1467","05M143"
"1468","05M144"
"1469","05M151"
"1470","05M152"
"1471","05M153"
"1472","05M154"
"1473","05M15T"
"1474","05M161"
"1475","05M162"
"1476","05M163"
"1477","05M164"
"1478","05M16T"
"1479","05M171"
"1480","05M172"
"1481","05M173"
"1482","05M174"
"1483","05M17T"
"1484","05M181"
"1485","05M182"
"1486","05M183"
"1487","05M184"
"1488","05M191"
"1489","05M192"
"1490","05M193"
"1491","05M194"
"1492","05M20Z"
"1493","05M21E"
"1494","05M22E"
"1495","05M23T"
"1496","05M23Z"
"1497","06C021"
"1498","06C022"
"1499","06C023"
"1500","06C024"
"1501","06C031"
"1502","06C032"
"1503","06C033"
"1504","06C034"
"1505","06C041"
"1506","06C042"
"1507","06C043"
"1508","06C044"
"1509","06C051"
"1510","06C052"
"1511","06C053"
"1512","06C054"
"1513","06C071"
"1514","06C072"
"1515","06C073"
"1516","06C074"
"1517","06C081"
"1518","06C082"
"1519","06C083"
"1520","06C084"
"1521","06C091"
"1522","06C092"
"1523","06C093"
"1524","06C094"
"1525","06C101"
"1526","06C102"
"1527","06C103"
"1528","06C104"
"1529","06C10J"
"1530","06C111"
"1531","06C112"
"1532","06C113"
"1533","06C114"
"1534","06C11J"
"1535","06C121"
"1536","06C122"
"1537","06C123"
"1538","06C124"
"1539","06C12J"
"1540","06C131"
"1541","06C132"
"1542","06C133"
"1543","06C134"
"1544","06C141"
"1545","06C142"
"1546","06C143"
"1547","06C144"
"1548","06C14J"
"1549","06C151"
"1550","06C152"
"1551","06C153"
"1552","06C154"
"1553","06C161"
"1554","06C162"
"1555","06C163"
"1556","06C164"
"1557","06C191"
"1558","06C192"
"1559","06C193"
"1560","06C194"
"1561","06C19J"
"1562","06C201"
"1563","06C202"
"1564","06C203"
"1565","06C204"
"1566","06C211"
"1567","06C212"
"1568","06C213"
"1569","06C214"
"1570","06C221"
"1571","06C222"
"1572","06C223"
"1573","06C224"
"1574","06C231"
"1575","06C232"
"1576","06C233"
"1577","06C234"
"1578","06C23J"
"1579","06K02Z"
"1580","06K03J"
"1581","06K04J"
"1582","06K05J"
"1583","06K06J"
"1584","06M021"
"1585","06M022"
"1586","06M023"
"1587","06M024"
"1588","06M02T"
"1589","06M031"
"1590","06M032"
"1591","06M033"
"1592","06M034"
"1593","06M03T"
"1594","06M041"
"1595","06M042"
"1596","06M043"
"1597","06M044"
"1598","06M051"
"1599","06M052"
"1600","06M053"
"1601","06M054"
"1602","06M05T"
"1603","06M061"
"1604","06M062"
"1605","06M063"
"1606","06M064"
"1607","06M06T"
"1608","06M071"
"1609","06M072"
"1610","06M073"
"1611","06M074"
"1612","06M07T"
"1613","06M081"
"1614","06M082"
"1615","06M083"
"1616","06M084"
"1617","06M08T"
"1618","06M091"
"1619","06M092"
"1620","06M093"
"1621","06M094"
"1622","06M09T"
"1623","06M101"
"1624","06M102"
"1625","06M103"
"1626","06M104"
"1627","06M111"
"1628","06M112"
"1629","06M113"
"1630","06M114"
"1631","06M11T"
"1632","06M121"
"1633","06M122"
"1634","06M123"
"1635","06M124"
"1636","06M131"
"1637","06M132"
"1638","06M133"
"1639","06M134"
"1640","06M13T"
"1641","06M141"
"1642","06M142"
"1643","06M143"
"1644","06M144"
"1645","06M15Z"
"1646","06M16Z"
"1647","06M17T"
"1648","06M17Z"
"1649","06M18Z"
"1650","06M191"
"1651","06M192"
"1652","06M193"
"1653","06M194"
"1654","06M201"
"1655","06M202"
"1656","06M203"
"1657","06M204"
"1658","06M20T"
"1659","07C061"
"1660","07C062"
"1661","07C063"
"1662","07C064"
"1663","07C071"
"1664","07C072"
"1665","07C073"
"1666","07C074"
"1667","07C081"
"1668","07C082"
"1669","07C083"
"1670","07C084"
"1671","07C091"
"1672","07C092"
"1673","07C093"
"1674","07C094"
"1675","07C101"
"1676","07C102"
"1677","07C103"
"1678","07C104"
"1679","07C111"
"1680","07C112"
"1681","07C113"
"1682","07C114"
"1683","07C121"
"1684","07C122"
"1685","07C123"
"1686","07C124"
"1687","07C131"
"1688","07C132"
"1689","07C133"
"1690","07C134"
"1691","07C141"
"1692","07C142"
"1693","07C143"
"1694","07C144"
"1695","07K02Z"
"1696","07K04J"
"1697","07K05J"
"1698","07M021"
"1699","07M022"
"1700","07M023"
"1701","07M024"
"1702","07M02T"
"1703","07M041"
"1704","07M042"
"1705","07M043"
"1706","07M044"
"1707","07M04T"
"1708","07M061"
"1709","07M062"
"1710","07M063"
"1711","07M064"
"1712","07M06T"
"1713","07M071"
"1714","07M072"
"1715","07M073"
"1716","07M074"
"1717","07M07T"
"1718","07M081"
"1719","07M082"
"1720","07M083"
"1721","07M084"
"1722","07M08T"
"1723","07M091"
"1724","07M092"
"1725","07M093"
"1726","07M094"
"1727","07M09T"
"1728","07M101"
"1729","07M102"
"1730","07M103"
"1731","07M104"
"1732","07M10T"
"1733","07M111"
"1734","07M112"
"1735","07M113"
"1736","07M114"
"1737","07M11T"
"1738","07M121"
"1739","07M122"
"1740","07M123"
"1741","07M124"
"1742","07M13Z"
"1743","07M14T"
"1744","07M14Z"
"1745","07M151"
"1746","07M152"
"1747","07M153"
"1748","07M154"
"1749","07M15T"
"1750","08C021"
"1751","08C022"
"1752","08C023"
"1753","08C024"
"1754","08C041"
"1755","08C042"
"1756","08C043"
"1757","08C044"
"1758","08C061"
"1759","08C062"
"1760","08C063"
"1761","08C064"
"1762","08C121"
"1763","08C122"
"1764","08C123"
"1765","08C124"
"1766","08C131"
"1767","08C132"
"1768","08C133"
"1769","08C134"
"1770","08C13J"
"1771","08C141"
"1772","08C142"
"1773","08C143"
"1774","08C144"
"1775","08C14J"
"1776","08C201"
"1777","08C202"
"1778","08C203"
"1779","08C204"
"1780","08C20J"
"1781","08C211"
"1782","08C212"
"1783","08C213"
"1784","08C214"
"1785","08C21J"
"1786","08C221"
"1787","08C222"
"1788","08C223"
"1789","08C224"
"1790","08C241"
"1791","08C242"
"1792","08C243"
"1793","08C244"
"1794","08C251"
"1795","08C252"
"1796","08C253"
"1797","08C254"
"1798","08C271"
"1799","08C272"
"1800","08C273"
"1801","08C274"
"1802","08C281"
"1803","08C282"
"1804","08C283"
"1805","08C284"
"1806","08C291"
"1807","08C292"
"1808","08C293"
"1809","08C294"
"1810","08C29J"
"1811","08C311"
"1812","08C312"
"1813","08C313"
"1814","08C314"
"1815","08C321"
"1816","08C322"
"1817","08C323"
"1818","08C324"
"1819","08C32J"
"1820","08C331"
"1821","08C332"
"1822","08C333"
"1823","08C334"
"1824","08C341"
"1825","08C342"
"1826","08C343"
"1827","08C344"
"1828","08C351"
"1829","08C352"
"1830","08C353"
"1831","08C354"
"1832","08C35J"
"1833","08C361"
"1834","08C362"
"1835","08C363"
"1836","08C364"
"1837","08C36J"
"1838","08C371"
"1839","08C372"
"1840","08C373"
"1841","08C374"
"1842","08C37J"
"1843","08C381"
"1844","08C382"
"1845","08C383"
"1846","08C384"
"1847","08C38J"
"1848","08C391"
"1849","08C392"
"1850","08C393"
"1851","08C394"
"1852","08C39J"
"1853","08C401"
"1854","08C402"
"1855","08C403"
"1856","08C404"
"1857","08C40J"
"1858","08C411"
"1859","08C412"
"1860","08C413"
"1861","08C414"
"1862","08C41J"
"1863","08C421"
"1864","08C422"
"1865","08C423"
"1866","08C424"
"1867","08C42J"
"1868","08C431"
"1869","08C432"
"1870","08C433"
"1871","08C434"
"1872","08C43J"
"1873","08C441"
"1874","08C442"
"1875","08C443"
"1876","08C444"
"1877","08C44J"
"1878","08C451"
"1879","08C452"
"1880","08C453"
"1881","08C454"
"1882","08C45J"
"1883","08C461"
"1884","08C462"
"1885","08C463"
"1886","08C464"
"1887","08C46J"
"1888","08C471"
"1889","08C472"
"1890","08C473"
"1891","08C474"
"1892","08C481"
"1893","08C482"
"1894","08C483"
"1895","08C484"
"1896","08C491"
"1897","08C492"
"1898","08C493"
"1899","08C494"
"1900","08C501"
"1901","08C502"
"1902","08C503"
"1903","08C504"
"1904","08C511"
"1905","08C512"
"1906","08C513"
"1907","08C514"
"1908","08C521"
"1909","08C522"
"1910","08C523"
"1911","08C524"
"1912","08C531"
"1913","08C532"
"1914","08C533"
"1915","08C534"
"1916","08C541"
"1917","08C542"
"1918","08C543"
"1919","08C544"
"1920","08C54J"
"1921","08C551"
"1922","08C552"
"1923","08C553"
"1924","08C554"
"1925","08C561"
"1926","08C562"
"1927","08C563"
"1928","08C564"
"1929","08K02J"
"1930","08K031"
"1931","08K032"
"1932","08K033"
"1933","08K034"
"1934","08K041"
"1935","08K042"
"1936","08K043"
"1937","08K044"
"1938","08M041"
"1939","08M042"
"1940","08M043"
"1941","08M044"
"1942","08M04T"
"1943","08M051"
"1944","08M052"
"1945","08M053"
"1946","08M054"
"1947","08M061"
"1948","08M062"
"1949","08M063"
"1950","08M064"
"1951","08M071"
"1952","08M072"
"1953","08M073"
"1954","08M074"
"1955","08M081"
"1956","08M082"
"1957","08M083"
"1958","08M084"
"1959","08M091"
"1960","08M092"
"1961","08M093"
"1962","08M094"
"1963","08M09T"
"1964","08M101"
"1965","08M102"
"1966","08M103"
"1967","08M104"
"1968","08M10T"
"1969","08M141"
"1970","08M142"
"1971","08M143"
"1972","08M144"
"1973","08M14T"
"1974","08M151"
"1975","08M152"
"1976","08M153"
"1977","08M154"
"1978","08M181"
"1979","08M182"
"1980","08M183"
"1981","08M184"
"1982","08M191"
"1983","08M192"
"1984","08M193"
"1985","08M194"
"1986","08M201"
"1987","08M202"
"1988","08M203"
"1989","08M204"
"1990","08M211"
"1991","08M212"
"1992","08M213"
"1993","08M214"
"1994","08M221"
"1995","08M222"
"1996","08M223"
"1997","08M224"
"1998","08M231"
"1999","08M232"
"2000","08M233"
"2001","08M234"
"2002","08M241"
"2003","08M242"
"2004","08M243"
"2005","08M244"
"2006","08M24T"
"2007","08M251"
"2008","08M252"
"2009","08M253"
"2010","08M254"
"2011","08M25T"
"2012","08M261"
"2013","08M262"
"2014","08M263"
"2015","08M264"
"2016","08M271"
"2017","08M272"
"2018","08M273"
"2019","08M274"
"2020","08M27T"
"2021","08M281"
"2022","08M282"
"2023","08M283"
"2024","08M284"
"2025","08M28T"
"2026","08M291"
"2027","08M292"
"2028","08M293"
"2029","08M294"
"2030","08M301"
"2031","08M302"
"2032","08M303"
"2033","08M304"
"2034","08M30T"
"2035","08M311"
"2036","08M312"
"2037","08M313"
"2038","08M314"
"2039","08M31T"
"2040","08M321"
"2041","08M322"
"2042","08M323"
"2043","08M324"
"2044","08M32T"
"2045","08M331"
"2046","08M332"
"2047","08M333"
"2048","08M334"
"2049","08M341"
"2050","08M342"
"2051","08M343"
"2052","08M344"
"2053","08M35Z"
"2054","08M36T"
"2055","08M36Z"
"2056","08M371"
"2057","08M372"
"2058","08M373"
"2059","08M374"
"2060","08M381"
"2061","08M382"
"2062","08M383"
"2063","08M384"
"2064","09C021"
"2065","09C022"
"2066","09C023"
"2067","09C024"
"2068","09C02J"
"2069","09C031"
"2070","09C032"
"2071","09C033"
"2072","09C034"
"2073","09C03J"
"2074","09C041"
"2075","09C042"
"2076","09C043"
"2077","09C044"
"2078","09C051"
"2079","09C052"
"2080","09C053"
"2081","09C054"
"2082","09C05J"
"2083","09C061"
"2084","09C062"
"2085","09C063"
"2086","09C064"
"2087","09C06T"
"2088","09C071"
"2089","09C072"
"2090","09C073"
"2091","09C074"
"2092","09C07J"
"2093","09C081"
"2094","09C082"
"2095","09C083"
"2096","09C084"
"2097","09C08J"
"2098","09C091"
"2099","09C092"
"2100","09C093"
"2101","09C094"
"2102","09C09J"
"2103","09C101"
"2104","09C102"
"2105","09C103"
"2106","09C104"
"2107","09C10J"
"2108","09C111"
"2109","09C112"
"2110","09C113"
"2111","09C114"
"2112","09K02J"
"2113","09M021"
"2114","09M022"
"2115","09M023"
"2116","09M024"
"2117","09M02T"
"2118","09M031"
"2119","09M032"
"2120","09M033"
"2121","09M034"
"2122","09M03T"
"2123","09M041"
"2124","09M042"
"2125","09M043"
"2126","09M044"
"2127","09M04T"
"2128","09M051"
"2129","09M052"
"2130","09M053"
"2131","09M054"
"2132","09M05T"
"2133","09M061"
"2134","09M062"
"2135","09M063"
"2136","09M064"
"2137","09M06T"
"2138","09M071"
"2139","09M072"
"2140","09M073"
"2141","09M074"
"2142","09M07T"
"2143","09M081"
"2144","09M082"
"2145","09M083"
"2146","09M084"
"2147","09M08T"
"2148","09M091"
"2149","09M092"
"2150","09M093"
"2151","09M094"
"2152","09M09T"
"2153","09M101"
"2154","09M102"
"2155","09M103"
"2156","09M104"
"2157","09M111"
"2158","09M112"
"2159","09M113"
"2160","09M114"
"2161","09M12Z"
"2162","09M13Z"
"2163","09M14Z"
"2164","09M15Z"
"2165","10C021"
"2166","10C022"
"2167","10C023"
"2168","10C024"
"2169","10C031"
"2170","10C032"
"2171","10C033"
"2172","10C034"
"2173","10C051"
"2174","10C052"
"2175","10C053"
"2176","10C054"
"2177","10C071"
"2178","10C072"
"2179","10C073"
"2180","10C074"
"2181","10C081"
"2182","10C082"
"2183","10C083"
"2184","10C084"
"2185","10C08J"
"2186","10C091"
"2187","10C092"
"2188","10C093"
"2189","10C094"
"2190","10C101"
"2191","10C102"
"2192","10C103"
"2193","10C104"
"2194","10C111"
"2195","10C112"
"2196","10C113"
"2197","10C114"
"2198","10C121"
"2199","10C122"
"2200","10C123"
"2201","10C124"
"2202","10C131"
"2203","10C132"
"2204","10C133"
"2205","10C134"
"2206","10M021"
"2207","10M022"
"2208","10M023"
"2209","10M024"
"2210","10M02T"
"2211","10M031"
"2212","10M032"
"2213","10M033"
"2214","10M034"
"2215","10M03T"
"2216","10M071"
"2217","10M072"
"2218","10M073"
"2219","10M074"
"2220","10M07T"
"2221","10M081"
"2222","10M082"
"2223","10M083"
"2224","10M084"
"2225","10M08T"
"2226","10M091"
"2227","10M092"
"2228","10M093"
"2229","10M094"
"2230","10M09T"
"2231","10M101"
"2232","10M102"
"2233","10M103"
"2234","10M104"
"2235","10M10T"
"2236","10M111"
"2237","10M112"
"2238","10M113"
"2239","10M114"
"2240","10M121"
"2241","10M122"
"2242","10M123"
"2243","10M124"
"2244","10M12T"
"2245","10M13Z"
"2246","10M14Z"
"2247","10M151"
"2248","10M152"
"2249","10M153"
"2250","10M154"
"2251","10M15T"
"2252","10M161"
"2253","10M162"
"2254","10M163"
"2255","10M164"
"2256","10M16T"
"2257","10M171"
"2258","10M172"
"2259","10M173"
"2260","10M174"
"2261","10M17T"
"2262","10M181"
"2263","10M182"
"2264","10M183"
"2265","10M184"
"2266","10M18T"
"2267","11C021"
"2268","11C022"
"2269","11C023"
"2270","11C024"
"2271","11C031"
"2272","11C032"
"2273","11C033"
"2274","11C034"
"2275","11C041"
"2276","11C042"
"2277","11C043"
"2278","11C044"
"2279","11C04J"
"2280","11C051"
"2281","11C052"
"2282","11C053"
"2283","11C054"
"2284","11C05J"
"2285","11C061"
"2286","11C062"
"2287","11C063"
"2288","11C064"
"2289","11C071"
"2290","11C072"
"2291","11C073"
"2292","11C074"
"2293","11C07J"
"2294","11C081"
"2295","11C082"
"2296","11C083"
"2297","11C084"
"2298","11C08T"
"2299","11C091"
"2300","11C092"
"2301","11C093"
"2302","11C094"
"2303","11C09J"
"2304","11K021"
"2305","11K022"
"2306","11K023"
"2307","11K024"
"2308","11K02J"
"2309","11K03Z"
"2310","11K04Z"
"2311","11K05Z"
"2312","11K06Z"
"2313","11K07Z"
"2314","11K08J"
"2315","11M021"
"2316","11M022"
"2317","11M023"
"2318","11M024"
"2319","11M031"
"2320","11M032"
"2321","11M033"
"2322","11M034"
"2323","11M03T"
"2324","11M041"
"2325","11M042"
"2326","11M043"
"2327","11M044"
"2328","11M04T"
"2329","11M061"
"2330","11M062"
"2331","11M063"
"2332","11M064"
"2333","11M06T"
"2334","11M071"
"2335","11M072"
"2336","11M073"
"2337","11M074"
"2338","11M07T"
"2339","11M081"
"2340","11M082"
"2341","11M083"
"2342","11M084"
"2343","11M08T"
"2344","11M101"
"2345","11M102"
"2346","11M103"
"2347","11M104"
"2348","11M10T"
"2349","11M111"
"2350","11M112"
"2351","11M113"
"2352","11M114"
"2353","11M121"
"2354","11M122"
"2355","11M123"
"2356","11M124"
"2357","11M151"
"2358","11M152"
"2359","11M153"
"2360","11M154"
"2361","11M15T"
"2362","11M161"
"2363","11M162"
"2364","11M163"
"2365","11M164"
"2366","11M16T"
"2367","11M171"
"2368","11M172"
"2369","11M173"
"2370","11M174"
"2371","11M18Z"
"2372","11M19Z"
"2373","12C031"
"2374","12C032"
"2375","12C033"
"2376","12C034"
"2377","12C03J"
"2378","12C041"
"2379","12C042"
"2380","12C043"
"2381","12C044"
"2382","12C051"
"2383","12C052"
"2384","12C053"
"2385","12C054"
"2386","12C061"
"2387","12C062"
"2388","12C063"
"2389","12C064"
"2390","12C06J"
"2391","12C071"
"2392","12C072"
"2393","12C073"
"2394","12C074"
"2395","12C07J"
"2396","12C081"
"2397","12C082"
"2398","12C083"
"2399","12C084"
"2400","12C08J"
"2401","12C091"
"2402","12C092"
"2403","12C093"
"2404","12C094"
"2405","12C101"
"2406","12C102"
"2407","12C103"
"2408","12C104"
"2409","12C111"
"2410","12C112"
"2411","12C113"
"2412","12C114"
"2413","12C121"
"2414","12C122"
"2415","12C123"
"2416","12C124"
"2417","12C131"
"2418","12C132"
"2419","12C133"
"2420","12C134"
"2421","12K02Z"
"2422","12K03Z"
"2423","12K06J"
"2424","12M031"
"2425","12M032"
"2426","12M033"
"2427","12M034"
"2428","12M03T"
"2429","12M041"
"2430","12M042"
"2431","12M043"
"2432","12M044"
"2433","12M051"
"2434","12M052"
"2435","12M053"
"2436","12M054"
"2437","12M061"
"2438","12M062"
"2439","12M063"
"2440","12M064"
"2441","12M06T"
"2442","12M071"
"2443","12M072"
"2444","12M073"
"2445","12M074"
"2446","12M07T"
"2447","12M08Z"
"2448","12M09Z"
"2449","13C031"
"2450","13C032"
"2451","13C033"
"2452","13C034"
"2453","13C041"
"2454","13C042"
"2455","13C043"
"2456","13C044"
"2457","13C051"
"2458","13C052"
"2459","13C053"
"2460","13C054"
"2461","13C061"
"2462","13C062"
"2463","13C063"
"2464","13C064"
"2465","13C06J"
"2466","13C071"
"2467","13C072"
"2468","13C073"
"2469","13C074"
"2470","13C07J"
"2471","13C081"
"2472","13C082"
"2473","13C083"
"2474","13C084"
"2475","13C08J"
"2476","13C091"
"2477","13C092"
"2478","13C093"
"2479","13C094"
"2480","13C09T"
"2481","13C101"
"2482","13C102"
"2483","13C103"
"2484","13C104"
"2485","13C10T"
"2486","13C111"
"2487","13C112"
"2488","13C113"
"2489","13C114"
"2490","13C11J"
"2491","13C121"
"2492","13C122"
"2493","13C123"
"2494","13C124"
"2495","13C12J"
"2496","13C131"
"2497","13C132"
"2498","13C133"
"2499","13C134"
"2500","13C13T"
"2501","13C141"
"2502","13C142"
"2503","13C143"
"2504","13C144"
"2505","13C151"
"2506","13C152"
"2507","13C153"
"2508","13C154"
"2509","13C16J"
"2510","13C171"
"2511","13C172"
"2512","13C173"
"2513","13C174"
"2514","13K02Z"
"2515","13K03Z"
"2516","13K04Z"
"2517","13K05Z"
"2518","13K06J"
"2519","13M031"
"2520","13M032"
"2521","13M033"
"2522","13M034"
"2523","13M03T"
"2524","13M041"
"2525","13M042"
"2526","13M043"
"2527","13M044"
"2528","13M04T"
"2529","13M051"
"2530","13M052"
"2531","13M053"
"2532","13M054"
"2533","13M061"
"2534","13M062"
"2535","13M063"
"2536","13M064"
"2537","13M071"
"2538","13M072"
"2539","13M073"
"2540","13M074"
"2541","13M081"
"2542","13M082"
"2543","13M083"
"2544","13M084"
"2545","13M09Z"
"2546","13M10Z"
"2547","14C04T"
"2548","14C05J"
"2549","14M02T"
"2550","14Z02T"
"2551","14Z03T"
"2552","14Z04T"
"2553","14Z06T"
"2554","15Z02T"
"2555","15Z08Z"
"2556","15Z09Z"
"2557","16C021"
"2558","16C022"
"2559","16C023"
"2560","16C024"
"2561","16C031"
"2562","16C032"
"2563","16C033"
"2564","16C034"
"2565","16C03J"
"2566","16M061"
"2567","16M062"
"2568","16M063"
"2569","16M064"
"2570","16M06T"
"2571","16M071"
"2572","16M072"
"2573","16M073"
"2574","16M074"
"2575","16M081"
"2576","16M082"
"2577","16M083"
"2578","16M084"
"2579","16M091"
"2580","16M092"
"2581","16M093"
"2582","16M094"
"2583","16M09T"
"2584","16M101"
"2585","16M102"
"2586","16M103"
"2587","16M104"
"2588","16M10T"
"2589","16M111"
"2590","16M112"
"2591","16M113"
"2592","16M114"
"2593","16M11T"
"2594","16M121"
"2595","16M122"
"2596","16M123"
"2597","16M124"
"2598","16M12T"
"2599","16M131"
"2600","16M132"
"2601","16M133"
"2602","16M134"
"2603","16M13T"
"2604","16M14Z"
"2605","16M15Z"
"2606","16M161"
"2607","16M162"
"2608","16M163"
"2609","16M164"
"2610","16M16T"
"2611","16M171"
"2612","16M172"
"2613","16M173"
"2614","16M174"
"2615","16M17T"
"2616","17C021"
"2617","17C022"
"2618","17C023"
"2619","17C024"
"2620","17C031"
"2621","17C032"
"2622","17C033"
"2623","17C034"
"2624","17C03J"
"2625","17C041"
"2626","17C042"
"2627","17C043"
"2628","17C044"
"2629","17C051"
"2630","17C052"
"2631","17C053"
"2632","17C054"
"2633","17C05J"
"2634","17K041"
"2635","17K042"
"2636","17K043"
"2637","17K044"
"2638","17K051"
"2639","17K052"
"2640","17K053"
"2641","17K054"
"2642","17K061"
"2643","17K062"
"2644","17K063"
"2645","17K064"
"2646","17K07J"
"2647","17M051"
"2648","17M052"
"2649","17M053"
"2650","17M054"
"2651","17M061"
"2652","17M062"
"2653","17M063"
"2654","17M064"
"2655","17M06T"
"2656","17M071"
"2657","17M072"
"2658","17M073"
"2659","17M074"
"2660","17M07T"
"2661","17M081"
"2662","17M082"
"2663","17M083"
"2664","17M084"
"2665","17M08T"
"2666","17M091"
"2667","17M092"
"2668","17M093"
"2669","17M094"
"2670","17M09T"
"2671","17M111"
"2672","17M112"
"2673","17M113"
"2674","17M114"
"2675","17M11T"
"2676","17M121"
"2677","17M122"
"2678","17M123"
"2679","17M124"
"2680","17M12T"
"2681","17M131"
"2682","17M132"
"2683","17M133"
"2684","17M134"
"2685","17M13T"
"2686","17M14Z"
"2687","18C021"
"2688","18C022"
"2689","18C023"
"2690","18C024"
"2691","18C02J"
"2692","18M021"
"2693","18M022"
"2694","18M023"
"2695","18M024"
"2696","18M031"
"2697","18M032"
"2698","18M033"
"2699","18M034"
"2700","18M03T"
"2701","18M041"
"2702","18M042"
"2703","18M043"
"2704","18M044"
"2705","18M04T"
"2706","18M061"
"2707","18M062"
"2708","18M063"
"2709","18M064"
"2710","18M071"
"2711","18M072"
"2712","18M073"
"2713","18M074"
"2714","18M07T"
"2715","18M091"
"2716","18M092"
"2717","18M093"
"2718","18M094"
"2719","18M101"
"2720","18M102"
"2721","18M103"
"2722","18M104"
"2723","18M10T"
"2724","18M111"
"2725","18M112"
"2726","18M113"
"2727","18M114"
"2728","18M12Z"
"2729","18M13E"
"2730","18M14T"
"2731","18M14Z"
"2732","19C021"
"2733","19C022"
"2734","19C023"
"2735","19C024"
"2736","19M021"
"2737","19M022"
"2738","19M023"
"2739","19M024"
"2740","19M02T"
"2741","19M061"
"2742","19M062"
"2743","19M063"
"2744","19M064"
"2745","19M06T"
"2746","19M071"
"2747","19M072"
"2748","19M073"
"2749","19M074"
"2750","19M07T"
"2751","19M101"
"2752","19M102"
"2753","19M103"
"2754","19M104"
"2755","19M10T"
"2756","19M111"
"2757","19M112"
"2758","19M113"
"2759","19M114"
"2760","19M11T"
"2761","19M121"
"2762","19M122"
"2763","19M123"
"2764","19M124"
"2765","19M12T"
"2766","19M131"
"2767","19M132"
"2768","19M133"
"2769","19M134"
"2770","19M13T"
"2771","19M141"
"2772","19M142"
"2773","19M143"
"2774","19M144"
"2775","19M14T"
"2776","19M151"
"2777","19M152"
"2778","19M153"
"2779","19M154"
"2780","19M15T"
"2781","19M161"
"2782","19M162"
"2783","19M163"
"2784","19M164"
"2785","19M16T"
"2786","19M171"
"2787","19M172"
"2788","19M173"
"2789","19M174"
"2790","19M181"
"2791","19M182"
"2792","19M183"
"2793","19M184"
"2794","19M18T"
"2795","19M191"
"2796","19M192"
"2797","19M193"
"2798","19M194"
"2799","19M19T"
"2800","19M201"
"2801","19M202"
"2802","19M203"
"2803","19M204"
"2804","19M20T"
"2805","19M21Z"
"2806","19M22Z"
"2807","20Z021"
"2808","20Z022"
"2809","20Z023"
"2810","20Z024"
"2811","20Z02T"
"2812","20Z031"
"2813","20Z032"
"2814","20Z033"
"2815","20Z034"
"2816","20Z041"
"2817","20Z042"
"2818","20Z043"
"2819","20Z044"
"2820","20Z04T"
"2821","20Z051"
"2822","20Z052"
"2823","20Z053"
"2824","20Z054"
"2825","20Z061"
"2826","20Z062"
"2827","20Z063"
"2828","20Z064"
"2829","20Z06T"
"2830","21C021"
"2831","21C022"
"2832","21C023"
"2833","21C024"
"2834","21C02J"
"2835","21C031"
"2836","21C032"
"2837","21C033"
"2838","21C034"
"2839","21C041"
"2840","21C042"
"2841","21C043"
"2842","21C044"
"2843","21C04J"
"2844","21C051"
"2845","21C052"
"2846","21C053"
"2847","21C054"
"2848","21C05J"
"2849","21K02J"
"2850","21M021"
"2851","21M022"
"2852","21M023"
"2853","21M024"
"2854","21M041"
"2855","21M042"
"2856","21M043"
"2857","21M044"
"2858","21M051"
"2859","21M052"
"2860","21M053"
"2861","21M054"
"2862","21M061"
"2863","21M062"
"2864","21M063"
"2865","21M064"
"2866","21M071"
"2867","21M072"
"2868","21M073"
"2869","21M074"
"2870","21M101"
"2871","21M102"
"2872","21M103"
"2873","21M104"
"2874","21M111"
"2875","21M112"
"2876","21M113"
"2877","21M114"
"2878","21M121"
"2879","21M122"
"2880","21M123"
"2881","21M124"
"2882","21M131"
"2883","21M132"
"2884","21M133"
"2885","21M134"
"2886","21M141"
"2887","21M142"
"2888","21M143"
"2889","21M144"
"2890","21M151"
"2891","21M152"
"2892","21M153"
"2893","21M154"
"2894","21M15T"
"2895","21M161"
"2896","21M162"
"2897","21M163"
"2898","21M164"
"2899","21M16T"
"2900","22C021"
"2901","22C022"
"2902","22C023"
"2903","22C024"
"2904","22C031"
"2905","22C032"
"2906","22C033"
"2907","22C034"
"2908","22K02J"
"2909","22M021"
"2910","22M022"
"2911","22M023"
"2912","22M024"
"2913","22Z03Z"
"2914","23C021"
"2915","23C022"
"2916","23C023"
"2917","23C024"
"2918","23C02J"
"2919","23K02Z"
"2920","23K03J"
"2921","23M02T"
"2922","23M061"
"2923","23M062"
"2924","23M063"
"2925","23M064"
"2926","23M06T"
"2927","23M07J"
"2928","23M08J"
"2929","23M091"
"2930","23M092"
"2931","23M093"
"2932","23M094"
"2933","23M101"
"2934","23M102"
"2935","23M103"
"2936","23M104"
"2937","23M10T"
"2938","23M111"
"2939","23M112"
"2940","23M113"
"2941","23M114"
"2942","23M13Z"
"2943","23M14Z"
"2944","23M15Z"
"2945","23M16Z"
"2946","23M18Z"
"2947","23M19Z"
"2948","23M20T"
"2949","23M20Z"
"2950","23Z02T"
"2951","25C021"
"2952","25C022"
"2953","25C023"
"2954","25C024"
"2955","25M02T"
"2956","25Z031"
"2957","25Z032"
"2958","25Z033"
"2959","25Z034"
"2960","26C021"
"2961","26C022"
"2962","26C023"
"2963","26C024"
"2964","26M021"
"2965","26M022"
"2966","26M023"
"2967","26M024"
"2968","28Z17Z"
"2969","01M04T"
"2970","01M15T"
"2971","01M16T"
"2972","01M18T"
"2973","01M21T"
"2974","01M34T"
"2975","01M35T"
"2976","02C121"
"2977","02C122"
"2978","02C123"
"2979","02C124"
"2980","02C12J"
"2981","02M10T"
"2982","03C05T"
"2983","03M02T"
"2984","03M03T"
"2985","03M04T"
"2986","03M05T"
"2987","03M06T"
"2988","03M08T"
"2989","03M10T"
"2990","03M11T"
"2991","03M15T"
"2992","04M02T"
"2993","04M03T"
"2994","04M05T"
"2995","04M18T"
"2996","05C08T"
"2997","05M05T"
"2998","05M10T"
"2999","05M13T"
"3000","05M18T"
"3001","06M04T"
"3002","06M12T"
"3003","06M18T"
"3004","08C12J"
"3005","08M05T"
"3006","08M06T"
"3007","08M07T"
"3008","08M08T"
"3009","08M15T"
"3010","08M18T"
"3011","08M19T"
"3012","08M29T"
"3013","08M33T"
"3014","08M34T"
"3015","08M37T"
"3016","08M38T"
"3017","09M10T"
"3018","09M11T"
"3019","09M14T"
"3020","10M11T"
"3021","10M14T"
"3022","11M02T"
"3023","11M12T"
"3024","11M19T"
"3025","12M04T"
"3026","12M05T"
"3027","13M06T"
"3028","16M15T"
"3029","18M09T"
"3030","18M11T"
"3031","19M22T"
"3032","21M02T"
"3033","21M07T"
"3034","21M10T"
"3035","21M11T"
"3036","21M14T"
"3037","22M02T"
"3038","23M11T"
"3039","05K191"
"3040","05K192"
"3041","05K193"
"3042","05K194"
"3043","05K201"
"3044","05K202"
"3045","05K203"
"3046","05K204"
"3047","05K20T"
"3048","01C10J"
"3049","01M381"
"3050","01M382"
"3051","01M383"
"3052","01M384"
"3053","01M391"
"3054","01M392"
"3055","01M393"
"3056","01M394"
"3057","03C19J"
"3058","03C27J"
"3059","03C28J"
"3060","04M271"
"3061","04M272"
"3062","04M273"
"3063","04M274"
"3064","05C13J"
"3065","06M211"
"3066","06M212"
"3067","06M213"
"3068","06M214"
"3069","07C14J"
"3070","07M161"
"3071","07M162"
"3072","07M163"
"3073","07M164"
"3074","08C28J"
"3075","10M191"
"3076","10M192"
"3077","10M193"
"3078","10M194"
"3079","10M201"
"3080","10M202"
"3081","10M203"
"3082","10M204"
"3083","11M201"
"3084","11M202"
"3085","11M203"
"3086","11M204"
"3087","12C04J"
"3088","13C04J"
"3089","14C03A"
"3090","14C03B"
"3091","14C03C"
"3092","14C03D"
"3093","14C06A"
"3094","14C06B"
"3095","14C06C"
"3096","14C06D"
"3097","14C07A"
"3098","14C07B"
"3099","14C07C"
"3100","14C07D"
"3101","14C08A"
"3102","14C08B"
"3103","14C08C"
"3104","14C08D"
"3105","14C09A"
"3106","14C09B"
"3107","14C10T"
"3108","14C10Z"
"3109","14M02A"
"3110","14M02B"
"3111","14M03A"
"3112","14M03B"
"3113","14M03C"
"3114","14M03D"
"3115","14M03T"
"3116","14Z09Z"
"3117","14Z10A"
"3118","14Z10B"
"3119","14Z10T"
"3120","14Z11A"
"3121","14Z11B"
"3122","14Z12A"
"3123","14Z12B"
"3124","14Z13A"
"3125","14Z13B"
"3126","14Z13C"
"3127","14Z13D"
"3128","14Z13T"
"3129","14Z14A"
"3130","14Z14B"
"3131","14Z14C"
"3132","14Z14D"
"3133","14Z14T"
"3134","14Z15Z"
"3135","14Z16T"
"3136","14Z16Z"
"3137","15C02A"
"3138","15C03A"
"3139","15C04A"
"3140","15C05A"
"3141","15C06A"
"3142","15M02Z"
"3143","15M03E"
"3144","15M04E"
"3145","15M05A"
"3146","15M05B"
"3147","15M05C"
"3148","15M05D"
"3149","15M06A"
"3150","15M06B"
"3151","15M06C"
"3152","15M06D"
"3153","15M07A"
"3154","15M07B"
"3155","15M07C"
"3156","15M08A"
"3157","15M08B"
"3158","15M08C"
"3159","15M09A"
"3160","15M09B"
"3161","15M09C"
"3162","15M10A"
"3163","15M10B"
"3164","15M10C"
"3165","15M11A"
"3166","15M11B"
"3167","15M11C"
"3168","15M12A"
"3169","15M12B"
"3170","15M13A"
"3171","15M13B"
"3172","15M14A"
"3173","15M14B"
"3174","15C02B"
"3175","15C03B"
"3176","15C04B"
"3177","15C05B"
"3178","15C06B"
"3179","16M181"
"3180","16M182"
"3181","16M183"
"3182","16M184"
"3183","18M151"
"3184","18M152"
"3185","18M153"
"3186","18M154"
"3187","21C03J"
"3188","21M04T"
"3189","21M05T"
"3190","22C02J"
"3191","23M16T"
"3192","01C141"
"3193","01C142"
"3194","01C143"
"3195","01C144"
"3196","01C14J"
"3197","01C151"
"3198","01C152"
"3199","01C153"
"3200","01C154"
"3201","01C15J"
"3202","02C131"
"3203","02C132"
"3204","02C133"
"3205","02C134"
"3206","02C13J"
"3207","03C291"
"3208","03C292"
"3209","03C293"
"3210","03C294"
"3211","03C29J"
"3212","03C301"
"3213","03C302"
"3214","03C303"
"3215","03C304"
"3216","03C30J"
"3217","05K211"
"3218","05K212"
"3219","05K213"
"3220","05K214"
"3221","05K221"
"3222","05K222"
"3223","05K223"
"3224","05K224"
"3225","05K231"
"3226","05K232"
"3227","05K233"
"3228","05K234"
"3229","05K23J"
"3230","05K241"
"3231","05K242"
"3232","05K243"
"3233","05K244"
"3234","05K24J"
"3235","05K251"
"3236","05K252"
"3237","05K253"
"3238","05K254"
"3239","05K25J"
"3240","05K261"
"3241","05K262"
"3242","05K263"
"3243","05K264"
"3244","05K26J"
"3245","06C241"
"3246","06C242"
"3247","06C243"
"3248","06C244"
"3249","06C24J"
"3250","06C251"
"3251","06C252"
"3252","06C253"
"3253","06C254"
"3254","06C25J"
"3255","08C571"
"3256","08C572"
"3257","08C573"
"3258","08C574"
"3259","08C57J"
"3260","08C581"
"3261","08C582"
"3262","08C583"
"3263","08C584"
"3264","08C58J"
"3265","08C591"
"3266","08C592"
"3267","08C593"
"3268","08C594"
"3269","08C59J"
"3270","08C601"
"3271","08C602"
"3272","08C603"
"3273","08C604"
"3274","08C60J"
"3275","09C121"
"3276","09C122"
"3277","09C123"
"3278","09C124"
"3279","09C12J"
"3280","09C131"
"3281","09C132"
"3282","09C133"
"3283","09C134"
"3284","09C13J"
"3285","09C141"
"3286","09C142"
"3287","09C143"
"3288","09C144"
"3289","09C14J"
"3290","09C151"
"3291","09C152"
"3292","09C153"
"3293","09C154"
"3294","09C15J"
"3295","09Z02B"
"3296","11C101"
"3297","11C102"
"3298","11C103"
"3299","11C104"
"3300","11C10J"
"3301","11C111"
"3302","11C112"
"3303","11C113"
"3304","11C114"
"3305","11C11J"
"3306","11C121"
"3307","11C122"
"3308","11C123"
"3309","11C124"
"3310","11C12J"
"3311","11C131"
"3312","11C132"
"3313","11C133"
"3314","11C134"
"3315","11C13J"
"3316","13C181"
"3317","13C182"
"3318","13C183"
"3319","13C184"
"3320","13C191"
"3321","13C192"
"3322","13C193"
"3323","13C194"
"3324","13C19J"
"3325","13C201"
"3326","13C202"
"3327","13C203"
"3328","13C204"
"3329","13C20J"
"3330","21C061"
"3331","21C062"
"3332","21C063"
"3333","21C064"
"3334","21C06J"
"3335","28Z01Z"
"3336","28Z02Z"
"3337","28Z03Z"
"3338","28Z04Z"
"3339","07K061"
"3340","07K062"
"3341","07K063"
"3342","07K064"
"3343","23M21T"
"3344","23M21Z"
"3345","08C611"
"3346","08C612"
"3347","08C613"
"3348","08C614"
"3349","08C621"
"3350","08C622"
"3351","08C623"
"3352","08C624"
"3353","08C62J"
"3354","10M13T"
"3355","17C061"
"3356","17C062"
"3357","17C063"
"3358","17C064"
"3359","17C071"
"3360","17C072"
"3361","17C073"
"3362","17C074"
"3363","17C081"
"3364","17C082"
"3365","17C083"
"3366","17C084"
"3367","17C08J"
"3368","17K081"
"3369","17K082"
"3370","17K083"
"3371","17K084"
"3372","17K091"
"3373","17K092"
"3374","17K093"
"3375","17K094"
"3376","17M151"
"3377","17M152"
"3378","17M153"
"3379","17M154"
"3380","17M15T"
"3381","17M161"
"3382","17M162"
"3383","17M163"
"3384","17M164"
"3385","17M16T"
"3386","17M171"
"3387","17M172"
"3388","17M173"
"3389","17M174"
"3390","17M17T"
"3391","12C13J"
"3392","13C17J"
"3393","13C10J"
"3394","08C34J"
"3395","13C09J"
"3396","22Z02Z"
"3397","24K01Z"
"3398","25Z03Z"
"3399","27C02Z"
"3400","27C03Z"
"3401","27C04Z"
"3402","27C05Z"
"3403","27C06Z"
"3404","27Z02Z"
"3405","27Z03Z"
"3406","28Z08Z"
"3407","28Z09Z"
"3408","28Z10Z"
"3409","28Z11Z"
"3410","28Z12Z"
"3411","28Z13Z"
"3412","27C07Z"
"3413","22Z021"
"3414","22Z022"
"3415","22Z023"
"3416","22Z024"
"3417","27C021"
"3418","27C022"
"3419","27C023"
"3420","27C024"
"3421","27C031"
"3422","27C032"
"3423","27C033"
"3424","27C034"
"3425","27C041"
"3426","27C042"
"3427","27C043"
"3428","27C044"
"3429","27C051"
"3430","27C052"
"3431","27C053"
"3432","27C054"
"3433","27C061"
"3434","27C062"
"3435","27C063"
"3436","27C064"
"3437","27C071"
"3438","27C072"
"3439","27C073"
"3440","27C074"
"3441","27Z021"
"3442","27Z022"
"3443","27Z023"
"3444","27Z024"
"3445","27Z04J"
"3446","28Z18Z"
"3447","28Z19Z"
"3448","28Z20Z"
"3449","28Z21Z"
"3450","28Z22Z"
"3451","28Z23Z"
"3452","28Z24Z"
"3453","28Z25Z"
